{"cameraMode":{"drawMode":0,"name":"Shaded","section":"Shading Mode"},"sceneLighting":true,"audioPlay":false,"sceneViewState":{"showFog":true,"showMaterialUpdate":false,"showSkybox":true,"showFlares":true,"showImageEffects":true,"showParticleSystems":true},"in2DMode":false,"pivot":{"x":-0.7576102018356323,"y":1.8292295932769776,"z":-3.7900712490081789},"rotation":{"x":-0.09856278449296951,"y":0.10785071551799774,"z":-0.010746465064585209,"w":-0.9892162084579468},"size":5.7931599617004398,"orthographic":false}